scheduler_name,start_time,end_time,project_id,instance_name
1,playground-aps-sre-sb,instance-3,2023-04-07 08:00:00,2023-04-07 17:00:00
2,playground-aps-sre-sb,test-notebook-1,2023-04-07 09:00:00,2023-04-07 18:00:00
3,playground-aps-sre-sb,testssh,2023-04-07 10:00:00,2023-04-07 19:00:00
4,playground-aps-sre-sb,tfclonetestanslwr001,2023-04-07 11:00:00,2023-04-07 20:00:00
5,playground-aps-sre-sb,vlapssreplgrndtst,2023-04-07 12:00:00,2023-04-07 21:00:00
6,playground-aps-sre-sb,cluster-f540-m,2023-04-07 13:00:00,2023-04-07 22:00:00
7,playground-aps-sre-sb,instance-2,2023-04-07 14:00:00,2023-04-07 23:00:00
8,playground-aps-sre-sb,vwapssredev001,2023-04-07 15:00:00,2023-04-07 23:00:00
9,test-project-for-test,instance-of-test-project,2023-04-07 08:00:00,2023-04-07 17:00:00
10,test-project-for-test,instance-of-test-project,2023-04-07 08:00:00,2023-04-07 17:00:00
11,test-project-for-test,instance-of-test-project,2023-04-07 08:00:00,2023-04-07 17:00:00
